[
  {
    "EDU_id": 212000512,
    "name": "Ahmed Noorim",
    "major": "CSE",
    "courses": [
      { "code": "CSE330", "attendence": 0, "check": false },
      { "code": "CSE319", "attendence": 0, "check": false }
    ],
    "admin": false
  },
  {
    "EDU_id": 212000612,
    "name": "Raina Nusrat Jahan",
    "major": "CSE",
    "courses": [
      { "code": "CSE330", "attendence": 0, "check": false },
      { "code": "CSE319", "attendence": 0, "check": false }
    ],
    "admin": false
  },
  {
    "EDU_id": 212000912,
    "name": "Sushmoy Dey",
    "major": "CSE",
    "courses": [
      { "code": "CSE319", "attendence": 0, "check": false },
      { "code": "CSE320", "attendence": 0, "check": false }
    ],
    "admin": false
  },
  {
    "EDU_id": 212001012,
    "name": "Shaheda Afrin",
    "major": "CSE",
    "courses": [
      { "code": "CSE330", "attendence": 0, "check": false },
      { "code": "CSE319", "attendence": 0, "check": false }
    ],
    "admin": false
  },
  {
    "EDU_id": 212001112,
    "name": "Shafi Mahmud",
    "major": "CSE",
    "courses": [
      { "code": "CSE319", "attendence": 0, "check": false },
      { "code": "CSE320", "attendence": 0, "check": false }
    ],
    "admin": false
  },
  {
    "EDU_id": 212001212,
    "name": "Imrul Anwar",
    "major": "CSE",
    "courses": [
      { "code": "CSE330", "attendence": 0, "check": false },
      { "code": "CSE320", "attendence": 0, "check": false }
    ],
    "admin": false
  },
  {
    "EDU_id": 212001312,
    "name": "Mohammad Muzammil",
    "major": "CSE",
    "courses": [
      { "code": "CSE330", "attendence": 0, "check": false },
      { "code": "CSE320", "attendence": 0, "check": false }
    ],
    "admin": false
  },
  {
    "EDU_id": 212001412,
    "name": "Istiak Iqbal",
    "major": "CSE",
    "courses": [
      { "code": "CSE319", "attendence": 0, "check": false },
      { "code": "CSE320", "attendence": 0, "check": false }
    ],
    "admin": false
  },
  {
    "EDU_id": 3330123,
    "name": "Mohammad Mahbubur Rahman",
    "designation": "Assistant Professor",
    "department": "Electrical and Electronic Engineering",
    "courses": [
      { "code": "CSE330", "conducted": 0, "check": false },
      { "code": "CSE331", "conducted": 0, "check": false }
    ],
    "admin": true
  },
  {
    "EDU_id": 6830223,
    "name": "Linkon Chowdhury",
    "designation": "Assistant Professor",
    "department": "Computer Science and Engineering",
    "courses": [
      { "code": "CSE318", "conducted": 0, "check": false },
      { "code": "CSE319", "conducted": 0, "check": false }
    ],
    "admin": true
  },
  {
    "EDU_id": 6830123,
    "name": "Mohammed Nazim Uddin",
    "designation": "Professor & Associate Dean",
    "department": "Computer Science and Engineering",
    "courses": [
      { "code": "CSE320", "conducted": 0, "check": false },
      { "code": "CSE321", "conducted": 0, "check": false }
    ],
    "admin": true
  }
]
