[{
  "_id": {
    "$oid": "655d06b018fcf6d19dccb257"
  },
  "EDU_id": 212000512,
  "name": "Ahmed Noorim",
  "major": "CSE",
  "courses": [
    {
      "code": "CSE330",
      "attendence": 9,
      "check": false
    },
    {
      "code": "CSE319",
      "attendence": 3,
      "check": false
    }
  ],
  "admin": false
},
{
  "_id": {
    "$oid": "655d06b018fcf6d19dccb258"
  },
  "EDU_id": 212000612,
  "name": "Raina Nusrat Jahan",
  "major": "CSE",
  "courses": [
    {
      "code": "CSE330",
      "attendence": 7,
      "check": false
    },
    {
      "code": "CSE319",
      "attendence": 3,
      "check": false
    }
  ],
  "admin": false
},
{
  "_id": {
    "$oid": "655d06b018fcf6d19dccb259"
  },
  "EDU_id": 212000912,
  "name": "Sushmoy Dey",
  "major": "CSE",
  "courses": [
    {
      "code": "CSE319",
      "attendence": 3,
      "check": false
    },
    {
      "code": "CSE320",
      "attendence": 6,
      "check": false
    }
  ],
  "admin": false
},
{
  "_id": {
    "$oid": "655d06b018fcf6d19dccb25a"
  },
  "EDU_id": 212001012,
  "name": "Shaheda Afrin",
  "major": "CSE",
  "courses": [
    {
      "code": "CSE330",
      "attendence": 3,
      "check": false
    },
    {
      "code": "CSE319",
      "attendence": 4,
      "check": false
    }
  ],
  "admin": false
},
{
  "_id": {
    "$oid": "655d06b018fcf6d19dccb25b"
  },
  "EDU_id": 212001112,
  "name": "Shafi Mahmud",
  "major": "CSE",
  "courses": [
    {
      "code": "CSE319",
      "attendence": 2,
      "check": false
    },
    {
      "code": "CSE320",
      "attendence": 5,
      "check": false
    }
  ],
  "admin": false
},
{
  "_id": {
    "$oid": "655d06b018fcf6d19dccb25c"
  },
  "EDU_id": 212001212,
  "name": "Imrul Anwar",
  "major": "CSE",
  "courses": [
    {
      "code": "CSE330",
      "attendence": 1,
      "check": false
    },
    {
      "code": "CSE320",
      "attendence": 3,
      "check": false
    }
  ],
  "admin": false
},
{
  "_id": {
    "$oid": "655d06b018fcf6d19dccb25d"
  },
  "EDU_id": 212001312,
  "name": "Mohammad Muzammil",
  "major": "CSE",
  "courses": [
    {
      "code": "CSE330",
      "attendence": 1,
      "check": false
    },
    {
      "code": "CSE320",
      "attendence": 3,
      "check": false
    }
  ],
  "admin": false
},
{
  "_id": {
    "$oid": "655d06b018fcf6d19dccb25e"
  },
  "EDU_id": 212001412,
  "name": "Istiak Iqbal",
  "major": "CSE",
  "courses": [
    {
      "code": "CSE319",
      "attendence": 2,
      "check": false
    },
    {
      "code": "CSE320",
      "attendence": 2,
      "check": false
    }
  ],
  "admin": false
},
{
  "_id": {
    "$oid": "655d06b018fcf6d19dccb25f"
  },
  "EDU_id": 3330123,
  "name": "Mohammad Mahbubur Rahman",
  "designation": "Assistant Professor",
  "department": "Electrical and Electronic Engineering",
  "courses": [
    {
      "code": "CSE330",
      "conducted": 9,
      "check": false
    },
    {
      "code": "CSE331",
      "conducted": 0,
      "check": false
    }
  ],
  "admin": true
},
{
  "_id": {
    "$oid": "655d06b018fcf6d19dccb260"
  },
  "EDU_id": 6830223,
  "name": "Linkon Chowdhury",
  "designation": "Assistant Professor",
  "department": "Computer Science and Engineering",
  "courses": [
    {
      "code": "CSE318",
      "conducted": 0,
      "check": false
    },
    {
      "code": "CSE319",
      "conducted": 4,
      "check": false
    }
  ],
  "admin": true
},
{
  "_id": {
    "$oid": "655d06b018fcf6d19dccb261"
  },
  "EDU_id": 6830123,
  "name": "Mohammed Nazim Uddin",
  "designation": "Professor & Associate Dean",
  "department": "Computer Science and Engineering",
  "courses": [
    {
      "code": "CSE320",
      "conducted": 6,
      "check": false
    },
    {
      "code": "CSE321",
      "conducted": 0,
      "check": false
    }
  ],
  "admin": true
},
{
  "_id": {
    "$oid": "655d0ce018fcf6d19dccb265"
  },
  "buffer_id": 2,
  "buffer": true,
  "buffer_student": [],
  "buffer_attendence": [],
  "admin_in": false,
  "buffer_attendence_one": null
},
{
  "_id": {
    "$oid": "655d11aa18fcf6d19dccb267"
  },
  "buffer_dashboard": [
    {
      "EDU_id": 0,
      "timestamp": "25Nov,2023 02:23:08"
    }
  ],
  "buffer": true,
  "buffer_id": 1
},
{
  "_id": {
    "$oid": "655d349218fcf6d19dccb269"
  },
  "active_id": 1,
  "active": "CSE330"
},
{
  "_id": {
    "$oid": "6562953af91c3e302f851fc9"
  },
  "qr": true,
  "data": "b'\\xc3\\x84\\xc3\\x96\\xc3\\x9c\\xc3\\xa4\\xc3\\xb6\\xc3\\xbc'"
}]